Algorithm,Run,TimeTaken,Cost,Reward,ConvergencePoint,Path
HillClimbing,1,5.329187,817.00,1,817.00,"27,48,23,17,49,8,38,39,11,16,60,68,59,70,35,46,20,73,1,67,74,75,50,15,62,22,55,40,42,41,63,21,0,61,47,4,36,69,19,26,30,54,24,31,2,43,71,9,64,65,58,13,51,33,66,25,6,34,45,7,18,53,12,56,14,28,44,29,72,32,5,3,52,10,37,57"
HillClimbing,2,5.242283,881.00,1,881.00,"11,32,72,5,75,25,71,38,8,24,54,30,9,6,34,7,53,18,58,13,52,39,43,22,55,40,41,63,60,68,35,19,36,29,15,23,48,62,0,42,21,61,27,73,44,26,51,3,74,67,28,14,4,46,20,1,50,2,16,66,33,45,10,65,64,37,57,49,17,31,12,56,69,59,70,47"
HillClimbing,3,4.900689,900.00,1,900.00,"66,1,72,0,61,27,73,20,47,29,48,23,17,49,42,41,63,21,44,7,45,50,32,62,22,55,40,60,68,35,46,52,10,65,30,54,24,8,19,69,59,70,36,4,28,26,12,53,18,58,13,34,6,11,39,31,43,16,75,3,33,51,56,14,25,71,57,37,64,9,38,2,15,5,67,74"
HillClimbing,4,4.087237,945.00,1,945.00,"73,56,14,36,60,21,61,67,33,45,25,50,32,42,41,40,24,30,54,17,49,72,70,59,69,19,12,53,13,58,65,10,64,9,31,43,2,23,48,55,22,6,34,18,7,11,8,38,71,57,37,52,51,26,29,1,27,20,46,47,4,28,44,5,16,39,15,62,0,63,68,35,3,66,75,74"
HillClimbing,5,5.381404,782.00,1,782.00,"11,52,13,58,65,10,22,48,23,17,49,8,38,6,34,7,45,66,25,16,50,5,67,18,53,12,70,59,69,19,36,56,14,4,29,74,75,3,33,51,26,44,28,47,20,60,63,41,40,55,42,21,68,35,46,73,1,27,61,72,0,32,62,15,71,9,30,54,24,31,43,2,39,57,37,64"
